1,http://example.webscraping.com/places/default/view/1
2,http://example.webscraping.com/places/default/view/2
3,http://example.webscraping.com/places/default/view/3
4,http://example.webscraping.com/places/default/view/4
5,http://example.webscraping.com/places/default/view/5
6,http://example.webscraping.com/places/default/view/6
7,http://example.webscraping.com/places/default/view/7
8,http://example.webscraping.com/places/default/view/8
9,http://example.webscraping.com/places/default/view/9
10,http://example.webscraping.com/places/default/view/10
11,http://example.webscraping.com/places/default/view/11
12,http://example.webscraping.com/places/default/view/12
13,http://example.webscraping.com/places/default/view/13
14,http://example.webscraping.com/places/default/view/14
15,http://example.webscraping.com/places/default/view/15
16,http://example.webscraping.com/places/default/view/16
17,http://example.webscraping.com/places/default/view/17
18,http://example.webscraping.com/places/default/view/18
19,http://example.webscraping.com/places/default/view/19
20,http://example.webscraping.com/places/default/view/20
21,http://example.webscraping.com/places/default/view/21
22,http://example.webscraping.com/places/default/view/22
23,http://example.webscraping.com/places/default/view/23
24,http://example.webscraping.com/places/default/view/24
25,http://example.webscraping.com/places/default/view/25
26,http://example.webscraping.com/places/default/view/26
27,http://example.webscraping.com/places/default/view/27
28,http://example.webscraping.com/places/default/view/28
29,http://example.webscraping.com/places/default/view/29
30,http://example.webscraping.com/places/default/view/30
31,http://example.webscraping.com/places/default/view/31
32,http://example.webscraping.com/places/default/view/32
33,http://example.webscraping.com/places/default/view/33
34,http://example.webscraping.com/places/default/view/34
35,http://example.webscraping.com/places/default/view/35
36,http://example.webscraping.com/places/default/view/36
37,http://example.webscraping.com/places/default/view/37
38,http://example.webscraping.com/places/default/view/38
39,http://example.webscraping.com/places/default/view/39
40,http://example.webscraping.com/places/default/view/40
41,http://example.webscraping.com/places/default/view/41
42,http://example.webscraping.com/places/default/view/42
43,http://example.webscraping.com/places/default/view/43
44,http://example.webscraping.com/places/default/view/44
45,http://example.webscraping.com/places/default/view/45
46,http://example.webscraping.com/places/default/view/46
47,http://example.webscraping.com/places/default/view/47
48,http://example.webscraping.com/places/default/view/48
49,http://example.webscraping.com/places/default/view/49
50,http://example.webscraping.com/places/default/view/50
51,http://example.webscraping.com/places/default/view/51
52,http://example.webscraping.com/places/default/view/52
53,http://example.webscraping.com/places/default/view/53
54,http://example.webscraping.com/places/default/view/54
55,http://example.webscraping.com/places/default/view/55
56,http://example.webscraping.com/places/default/view/56
57,http://example.webscraping.com/places/default/view/57
58,http://example.webscraping.com/places/default/view/58
59,http://example.webscraping.com/places/default/view/59
60,http://example.webscraping.com/places/default/view/60
61,http://example.webscraping.com/places/default/view/61
62,http://example.webscraping.com/places/default/view/62
63,http://example.webscraping.com/places/default/view/63
64,http://example.webscraping.com/places/default/view/64
65,http://example.webscraping.com/places/default/view/65
66,http://example.webscraping.com/places/default/view/66
67,http://example.webscraping.com/places/default/view/67
68,http://example.webscraping.com/places/default/view/68
69,http://example.webscraping.com/places/default/view/69
70,http://example.webscraping.com/places/default/view/70
71,http://example.webscraping.com/places/default/view/71
72,http://example.webscraping.com/places/default/view/72
73,http://example.webscraping.com/places/default/view/73
74,http://example.webscraping.com/places/default/view/74
75,http://example.webscraping.com/places/default/view/75
76,http://example.webscraping.com/places/default/view/76
77,http://example.webscraping.com/places/default/view/77
78,http://example.webscraping.com/places/default/view/78
79,http://example.webscraping.com/places/default/view/79
80,http://example.webscraping.com/places/default/view/80
81,http://example.webscraping.com/places/default/view/81
82,http://example.webscraping.com/places/default/view/82
83,http://example.webscraping.com/places/default/view/83
84,http://example.webscraping.com/places/default/view/84
85,http://example.webscraping.com/places/default/view/85
86,http://example.webscraping.com/places/default/view/86
87,http://example.webscraping.com/places/default/view/87
88,http://example.webscraping.com/places/default/view/88
89,http://example.webscraping.com/places/default/view/89
90,http://example.webscraping.com/places/default/view/90
91,http://example.webscraping.com/places/default/view/91
92,http://example.webscraping.com/places/default/view/92
93,http://example.webscraping.com/places/default/view/93
94,http://example.webscraping.com/places/default/view/94
95,http://example.webscraping.com/places/default/view/95
96,http://example.webscraping.com/places/default/view/96
97,http://example.webscraping.com/places/default/view/97
98,http://example.webscraping.com/places/default/view/98
99,http://example.webscraping.com/places/default/view/99
100,http://example.webscraping.com/places/default/view/100
101,http://example.webscraping.com/places/default/view/101
102,http://example.webscraping.com/places/default/view/102
103,http://example.webscraping.com/places/default/view/103
104,http://example.webscraping.com/places/default/view/104
105,http://example.webscraping.com/places/default/view/105
106,http://example.webscraping.com/places/default/view/106
107,http://example.webscraping.com/places/default/view/107
108,http://example.webscraping.com/places/default/view/108
109,http://example.webscraping.com/places/default/view/109
110,http://example.webscraping.com/places/default/view/110
111,http://example.webscraping.com/places/default/view/111
112,http://example.webscraping.com/places/default/view/112
113,http://example.webscraping.com/places/default/view/113
114,http://example.webscraping.com/places/default/view/114
115,http://example.webscraping.com/places/default/view/115
116,http://example.webscraping.com/places/default/view/116
117,http://example.webscraping.com/places/default/view/117
118,http://example.webscraping.com/places/default/view/118
119,http://example.webscraping.com/places/default/view/119
120,http://example.webscraping.com/places/default/view/120
121,http://example.webscraping.com/places/default/view/121
122,http://example.webscraping.com/places/default/view/122
123,http://example.webscraping.com/places/default/view/123
124,http://example.webscraping.com/places/default/view/124
125,http://example.webscraping.com/places/default/view/125
126,http://example.webscraping.com/places/default/view/126
127,http://example.webscraping.com/places/default/view/127
128,http://example.webscraping.com/places/default/view/128
129,http://example.webscraping.com/places/default/view/129
130,http://example.webscraping.com/places/default/view/130
131,http://example.webscraping.com/places/default/view/131
132,http://example.webscraping.com/places/default/view/132
133,http://example.webscraping.com/places/default/view/133
134,http://example.webscraping.com/places/default/view/134
135,http://example.webscraping.com/places/default/view/135
136,http://example.webscraping.com/places/default/view/136
137,http://example.webscraping.com/places/default/view/137
138,http://example.webscraping.com/places/default/view/138
139,http://example.webscraping.com/places/default/view/139
140,http://example.webscraping.com/places/default/view/140
141,http://example.webscraping.com/places/default/view/141
142,http://example.webscraping.com/places/default/view/142
143,http://example.webscraping.com/places/default/view/143
144,http://example.webscraping.com/places/default/view/144
145,http://example.webscraping.com/places/default/view/145
146,http://example.webscraping.com/places/default/view/146
147,http://example.webscraping.com/places/default/view/147
148,http://example.webscraping.com/places/default/view/148
149,http://example.webscraping.com/places/default/view/149
150,http://example.webscraping.com/places/default/view/150
151,http://example.webscraping.com/places/default/view/151
152,http://example.webscraping.com/places/default/view/152
153,http://example.webscraping.com/places/default/view/153
154,http://example.webscraping.com/places/default/view/154
155,http://example.webscraping.com/places/default/view/155
156,http://example.webscraping.com/places/default/view/156
157,http://example.webscraping.com/places/default/view/157
158,http://example.webscraping.com/places/default/view/158
159,http://example.webscraping.com/places/default/view/159
160,http://example.webscraping.com/places/default/view/160
161,http://example.webscraping.com/places/default/view/161
162,http://example.webscraping.com/places/default/view/162
163,http://example.webscraping.com/places/default/view/163
164,http://example.webscraping.com/places/default/view/164
165,http://example.webscraping.com/places/default/view/165
166,http://example.webscraping.com/places/default/view/166
167,http://example.webscraping.com/places/default/view/167
168,http://example.webscraping.com/places/default/view/168
169,http://example.webscraping.com/places/default/view/169
170,http://example.webscraping.com/places/default/view/170
171,http://example.webscraping.com/places/default/view/171
172,http://example.webscraping.com/places/default/view/172
173,http://example.webscraping.com/places/default/view/173
174,http://example.webscraping.com/places/default/view/174
175,http://example.webscraping.com/places/default/view/175
176,http://example.webscraping.com/places/default/view/176
177,http://example.webscraping.com/places/default/view/177
178,http://example.webscraping.com/places/default/view/178
179,http://example.webscraping.com/places/default/view/179
180,http://example.webscraping.com/places/default/view/180
181,http://example.webscraping.com/places/default/view/181
182,http://example.webscraping.com/places/default/view/182
183,http://example.webscraping.com/places/default/view/183
184,http://example.webscraping.com/places/default/view/184
185,http://example.webscraping.com/places/default/view/185
186,http://example.webscraping.com/places/default/view/186
187,http://example.webscraping.com/places/default/view/187
188,http://example.webscraping.com/places/default/view/188
189,http://example.webscraping.com/places/default/view/189
190,http://example.webscraping.com/places/default/view/190
191,http://example.webscraping.com/places/default/view/191
192,http://example.webscraping.com/places/default/view/192
193,http://example.webscraping.com/places/default/view/193
194,http://example.webscraping.com/places/default/view/194
195,http://example.webscraping.com/places/default/view/195
196,http://example.webscraping.com/places/default/view/196
197,http://example.webscraping.com/places/default/view/197
198,http://example.webscraping.com/places/default/view/198
199,http://example.webscraping.com/places/default/view/199
200,http://example.webscraping.com/places/default/view/200
201,http://example.webscraping.com/places/default/view/201
202,http://example.webscraping.com/places/default/view/202
203,http://example.webscraping.com/places/default/view/203
204,http://example.webscraping.com/places/default/view/204
205,http://example.webscraping.com/places/default/view/205
206,http://example.webscraping.com/places/default/view/206
207,http://example.webscraping.com/places/default/view/207
208,http://example.webscraping.com/places/default/view/208
209,http://example.webscraping.com/places/default/view/209
210,http://example.webscraping.com/places/default/view/210
211,http://example.webscraping.com/places/default/view/211
212,http://example.webscraping.com/places/default/view/212
213,http://example.webscraping.com/places/default/view/213
214,http://example.webscraping.com/places/default/view/214
215,http://example.webscraping.com/places/default/view/215
216,http://example.webscraping.com/places/default/view/216
217,http://example.webscraping.com/places/default/view/217
218,http://example.webscraping.com/places/default/view/218
219,http://example.webscraping.com/places/default/view/219
220,http://example.webscraping.com/places/default/view/220
221,http://example.webscraping.com/places/default/view/221
222,http://example.webscraping.com/places/default/view/222
223,http://example.webscraping.com/places/default/view/223
224,http://example.webscraping.com/places/default/view/224
225,http://example.webscraping.com/places/default/view/225
226,http://example.webscraping.com/places/default/view/226
227,http://example.webscraping.com/places/default/view/227
228,http://example.webscraping.com/places/default/view/228
229,http://example.webscraping.com/places/default/view/229
230,http://example.webscraping.com/places/default/view/230
231,http://example.webscraping.com/places/default/view/231
232,http://example.webscraping.com/places/default/view/232
233,http://example.webscraping.com/places/default/view/233
234,http://example.webscraping.com/places/default/view/234
235,http://example.webscraping.com/places/default/view/235
236,http://example.webscraping.com/places/default/view/236
237,http://example.webscraping.com/places/default/view/237
238,http://example.webscraping.com/places/default/view/238
239,http://example.webscraping.com/places/default/view/239
240,http://example.webscraping.com/places/default/view/240
241,http://example.webscraping.com/places/default/view/241
242,http://example.webscraping.com/places/default/view/242
243,http://example.webscraping.com/places/default/view/243
244,http://example.webscraping.com/places/default/view/244
245,http://example.webscraping.com/places/default/view/245
246,http://example.webscraping.com/places/default/view/246
247,http://example.webscraping.com/places/default/view/247
248,http://example.webscraping.com/places/default/view/248
249,http://example.webscraping.com/places/default/view/249
250,http://example.webscraping.com/places/default/view/250
251,http://example.webscraping.com/places/default/view/251
252,http://example.webscraping.com/places/default/view/252
253,http://example.webscraping.com/places/default/view/253
