country,id,pretty_link
Afghanistan,401437,"<div><a href=""/places/default/view/Afghanistan-1""><img src=""/places/static/images/flags/af.png"" /> Afghanistan</a></div>"
Aland Islands,401438,"<div><a href=""/places/default/view/Aland-Islands-2""><img src=""/places/static/images/flags/ax.png"" /> Aland Islands</a></div>"
Albania,401439,"<div><a href=""/places/default/view/Albania-3""><img src=""/places/static/images/flags/al.png"" /> Albania</a></div>"
Algeria,401440,"<div><a href=""/places/default/view/Algeria-4""><img src=""/places/static/images/flags/dz.png"" /> Algeria</a></div>"
American Samoa,401441,"<div><a href=""/places/default/view/American-Samoa-5""><img src=""/places/static/images/flags/as.png"" /> American Samoa</a></div>"
Andorra,401442,"<div><a href=""/places/default/view/Andorra-6""><img src=""/places/static/images/flags/ad.png"" /> Andorra</a></div>"
Angola,401443,"<div><a href=""/places/default/view/Angola-7""><img src=""/places/static/images/flags/ao.png"" /> Angola</a></div>"
Anguilla,401444,"<div><a href=""/places/default/view/Anguilla-8""><img src=""/places/static/images/flags/ai.png"" /> Anguilla</a></div>"
Antarctica,401445,"<div><a href=""/places/default/view/Antarctica-9""><img src=""/places/static/images/flags/aq.png"" /> Antarctica</a></div>"
Antigua and Barbuda,401446,"<div><a href=""/places/default/view/Antigua-and-Barbuda-10""><img src=""/places/static/images/flags/ag.png"" /> Antigua and Barbuda</a></div>"
Argentina,401447,"<div><a href=""/places/default/view/Argentina-11""><img src=""/places/static/images/flags/ar.png"" /> Argentina</a></div>"
Armenia,401448,"<div><a href=""/places/default/view/Armenia-12""><img src=""/places/static/images/flags/am.png"" /> Armenia</a></div>"
Aruba,401449,"<div><a href=""/places/default/view/Aruba-13""><img src=""/places/static/images/flags/aw.png"" /> Aruba</a></div>"
Australia,401450,"<div><a href=""/places/default/view/Australia-14""><img src=""/places/static/images/flags/au.png"" /> Australia</a></div>"
Austria,401451,"<div><a href=""/places/default/view/Austria-15""><img src=""/places/static/images/flags/at.png"" /> Austria</a></div>"
Azerbaijan,401452,"<div><a href=""/places/default/view/Azerbaijan-16""><img src=""/places/static/images/flags/az.png"" /> Azerbaijan</a></div>"
Bahamas,401453,"<div><a href=""/places/default/view/Bahamas-17""><img src=""/places/static/images/flags/bs.png"" /> Bahamas</a></div>"
Bahrain,401454,"<div><a href=""/places/default/view/Bahrain-18""><img src=""/places/static/images/flags/bh.png"" /> Bahrain</a></div>"
Bangladesh,401455,"<div><a href=""/places/default/view/Bangladesh-19""><img src=""/places/static/images/flags/bd.png"" /> Bangladesh</a></div>"
Barbados,401456,"<div><a href=""/places/default/view/Barbados-20""><img src=""/places/static/images/flags/bb.png"" /> Barbados</a></div>"
Belarus,401457,"<div><a href=""/places/default/view/Belarus-21""><img src=""/places/static/images/flags/by.png"" /> Belarus</a></div>"
Belgium,401458,"<div><a href=""/places/default/view/Belgium-22""><img src=""/places/static/images/flags/be.png"" /> Belgium</a></div>"
Belize,401459,"<div><a href=""/places/default/view/Belize-23""><img src=""/places/static/images/flags/bz.png"" /> Belize</a></div>"
Benin,401460,"<div><a href=""/places/default/view/Benin-24""><img src=""/places/static/images/flags/bj.png"" /> Benin</a></div>"
Bermuda,401461,"<div><a href=""/places/default/view/Bermuda-25""><img src=""/places/static/images/flags/bm.png"" /> Bermuda</a></div>"
Bhutan,401462,"<div><a href=""/places/default/view/Bhutan-26""><img src=""/places/static/images/flags/bt.png"" /> Bhutan</a></div>"
Bolivia,401463,"<div><a href=""/places/default/view/Bolivia-27""><img src=""/places/static/images/flags/bo.png"" /> Bolivia</a></div>"
"Bonaire, Saint Eustatius and Saba",401464,"<div><a href=""/places/default/view/Bonaire-Saint-Eustatius-and-Saba-28""><img src=""/places/static/images/flags/bq.png"" /> Bonaire, Saint Eustatius and Saba</a></div>"
Bosnia and Herzegovina,401465,"<div><a href=""/places/default/view/Bosnia-and-Herzegovina-29""><img src=""/places/static/images/flags/ba.png"" /> Bosnia and Herzegovina</a></div>"
Botswana,401466,"<div><a href=""/places/default/view/Botswana-30""><img src=""/places/static/images/flags/bw.png"" /> Botswana</a></div>"
Bouvet Island,401467,"<div><a href=""/places/default/view/Bouvet-Island-31""><img src=""/places/static/images/flags/bv.png"" /> Bouvet Island</a></div>"
Brazil,401468,"<div><a href=""/places/default/view/Brazil-32""><img src=""/places/static/images/flags/br.png"" /> Brazil</a></div>"
British Indian Ocean Territory,401469,"<div><a href=""/places/default/view/British-Indian-Ocean-Territory-33""><img src=""/places/static/images/flags/io.png"" /> British Indian Ocean Territory</a></div>"
British Virgin Islands,401470,"<div><a href=""/places/default/view/British-Virgin-Islands-34""><img src=""/places/static/images/flags/vg.png"" /> British Virgin Islands</a></div>"
Brunei,401471,"<div><a href=""/places/default/view/Brunei-35""><img src=""/places/static/images/flags/bn.png"" /> Brunei</a></div>"
Bulgaria,401472,"<div><a href=""/places/default/view/Bulgaria-36""><img src=""/places/static/images/flags/bg.png"" /> Bulgaria</a></div>"
Burkina Faso,401473,"<div><a href=""/places/default/view/Burkina-Faso-37""><img src=""/places/static/images/flags/bf.png"" /> Burkina Faso</a></div>"
Burundi,401474,"<div><a href=""/places/default/view/Burundi-38""><img src=""/places/static/images/flags/bi.png"" /> Burundi</a></div>"
Cambodia,401475,"<div><a href=""/places/default/view/Cambodia-39""><img src=""/places/static/images/flags/kh.png"" /> Cambodia</a></div>"
Cameroon,401476,"<div><a href=""/places/default/view/Cameroon-40""><img src=""/places/static/images/flags/cm.png"" /> Cameroon</a></div>"
Canada,401477,"<div><a href=""/places/default/view/Canada-41""><img src=""/places/static/images/flags/ca.png"" /> Canada</a></div>"
Cape Verde,401478,"<div><a href=""/places/default/view/Cape-Verde-42""><img src=""/places/static/images/flags/cv.png"" /> Cape Verde</a></div>"
Cayman Islands,401479,"<div><a href=""/places/default/view/Cayman-Islands-43""><img src=""/places/static/images/flags/ky.png"" /> Cayman Islands</a></div>"
Central African Republic,401480,"<div><a href=""/places/default/view/Central-African-Republic-44""><img src=""/places/static/images/flags/cf.png"" /> Central African Republic</a></div>"
Chad,401481,"<div><a href=""/places/default/view/Chad-45""><img src=""/places/static/images/flags/td.png"" /> Chad</a></div>"
Chile,401482,"<div><a href=""/places/default/view/Chile-46""><img src=""/places/static/images/flags/cl.png"" /> Chile</a></div>"
China,401483,"<div><a href=""/places/default/view/China-47""><img src=""/places/static/images/flags/cn.png"" /> China</a></div>"
Christmas Island,401484,"<div><a href=""/places/default/view/Christmas-Island-48""><img src=""/places/static/images/flags/cx.png"" /> Christmas Island</a></div>"
Cocos Islands,401485,"<div><a href=""/places/default/view/Cocos-Islands-49""><img src=""/places/static/images/flags/cc.png"" /> Cocos Islands</a></div>"
Colombia,401486,"<div><a href=""/places/default/view/Colombia-50""><img src=""/places/static/images/flags/co.png"" /> Colombia</a></div>"
Comoros,401487,"<div><a href=""/places/default/view/Comoros-51""><img src=""/places/static/images/flags/km.png"" /> Comoros</a></div>"
Cook Islands,401488,"<div><a href=""/places/default/view/Cook-Islands-52""><img src=""/places/static/images/flags/ck.png"" /> Cook Islands</a></div>"
Costa Rica,401489,"<div><a href=""/places/default/view/Costa-Rica-53""><img src=""/places/static/images/flags/cr.png"" /> Costa Rica</a></div>"
Croatia,401490,"<div><a href=""/places/default/view/Croatia-54""><img src=""/places/static/images/flags/hr.png"" /> Croatia</a></div>"
Cuba,401491,"<div><a href=""/places/default/view/Cuba-55""><img src=""/places/static/images/flags/cu.png"" /> Cuba</a></div>"
Curacao,401492,"<div><a href=""/places/default/view/Curacao-56""><img src=""/places/static/images/flags/cw.png"" /> Curacao</a></div>"
Cyprus,401493,"<div><a href=""/places/default/view/Cyprus-57""><img src=""/places/static/images/flags/cy.png"" /> Cyprus</a></div>"
Czech Republic,401494,"<div><a href=""/places/default/view/Czech-Republic-58""><img src=""/places/static/images/flags/cz.png"" /> Czech Republic</a></div>"
Democratic Republic of the Congo,401495,"<div><a href=""/places/default/view/Democratic-Republic-of-the-Congo-59""><img src=""/places/static/images/flags/cd.png"" /> Democratic Republic of the Congo</a></div>"
Denmark,401496,"<div><a href=""/places/default/view/Denmark-60""><img src=""/places/static/images/flags/dk.png"" /> Denmark</a></div>"
Djibouti,401497,"<div><a href=""/places/default/view/Djibouti-61""><img src=""/places/static/images/flags/dj.png"" /> Djibouti</a></div>"
Dominica,401498,"<div><a href=""/places/default/view/Dominica-62""><img src=""/places/static/images/flags/dm.png"" /> Dominica</a></div>"
Dominican Republic,401499,"<div><a href=""/places/default/view/Dominican-Republic-63""><img src=""/places/static/images/flags/do.png"" /> Dominican Republic</a></div>"
East Timor,401500,"<div><a href=""/places/default/view/East-Timor-64""><img src=""/places/static/images/flags/tl.png"" /> East Timor</a></div>"
Ecuador,401501,"<div><a href=""/places/default/view/Ecuador-65""><img src=""/places/static/images/flags/ec.png"" /> Ecuador</a></div>"
Egypt,401502,"<div><a href=""/places/default/view/Egypt-66""><img src=""/places/static/images/flags/eg.png"" /> Egypt</a></div>"
El Salvador,401503,"<div><a href=""/places/default/view/El-Salvador-67""><img src=""/places/static/images/flags/sv.png"" /> El Salvador</a></div>"
Equatorial Guinea,401504,"<div><a href=""/places/default/view/Equatorial-Guinea-68""><img src=""/places/static/images/flags/gq.png"" /> Equatorial Guinea</a></div>"
Eritrea,401505,"<div><a href=""/places/default/view/Eritrea-69""><img src=""/places/static/images/flags/er.png"" /> Eritrea</a></div>"
Estonia,401506,"<div><a href=""/places/default/view/Estonia-70""><img src=""/places/static/images/flags/ee.png"" /> Estonia</a></div>"
Ethiopia,401507,"<div><a href=""/places/default/view/Ethiopia-71""><img src=""/places/static/images/flags/et.png"" /> Ethiopia</a></div>"
Falkland Islands,401508,"<div><a href=""/places/default/view/Falkland-Islands-72""><img src=""/places/static/images/flags/fk.png"" /> Falkland Islands</a></div>"
Faroe Islands,401509,"<div><a href=""/places/default/view/Faroe-Islands-73""><img src=""/places/static/images/flags/fo.png"" /> Faroe Islands</a></div>"
Fiji,401510,"<div><a href=""/places/default/view/Fiji-74""><img src=""/places/static/images/flags/fj.png"" /> Fiji</a></div>"
Finland,401511,"<div><a href=""/places/default/view/Finland-75""><img src=""/places/static/images/flags/fi.png"" /> Finland</a></div>"
France,401512,"<div><a href=""/places/default/view/France-76""><img src=""/places/static/images/flags/fr.png"" /> France</a></div>"
French Guiana,401513,"<div><a href=""/places/default/view/French-Guiana-77""><img src=""/places/static/images/flags/gf.png"" /> French Guiana</a></div>"
French Polynesia,401514,"<div><a href=""/places/default/view/French-Polynesia-78""><img src=""/places/static/images/flags/pf.png"" /> French Polynesia</a></div>"
French Southern Territories,401515,"<div><a href=""/places/default/view/French-Southern-Territories-79""><img src=""/places/static/images/flags/tf.png"" /> French Southern Territories</a></div>"
Gabon,401516,"<div><a href=""/places/default/view/Gabon-80""><img src=""/places/static/images/flags/ga.png"" /> Gabon</a></div>"
Gambia,401517,"<div><a href=""/places/default/view/Gambia-81""><img src=""/places/static/images/flags/gm.png"" /> Gambia</a></div>"
Georgia,401518,"<div><a href=""/places/default/view/Georgia-82""><img src=""/places/static/images/flags/ge.png"" /> Georgia</a></div>"
Germany,401519,"<div><a href=""/places/default/view/Germany-83""><img src=""/places/static/images/flags/de.png"" /> Germany</a></div>"
Ghana,401520,"<div><a href=""/places/default/view/Ghana-84""><img src=""/places/static/images/flags/gh.png"" /> Ghana</a></div>"
Gibraltar,401521,"<div><a href=""/places/default/view/Gibraltar-85""><img src=""/places/static/images/flags/gi.png"" /> Gibraltar</a></div>"
Greece,401522,"<div><a href=""/places/default/view/Greece-86""><img src=""/places/static/images/flags/gr.png"" /> Greece</a></div>"
Greenland,401523,"<div><a href=""/places/default/view/Greenland-87""><img src=""/places/static/images/flags/gl.png"" /> Greenland</a></div>"
Grenada,401524,"<div><a href=""/places/default/view/Grenada-88""><img src=""/places/static/images/flags/gd.png"" /> Grenada</a></div>"
Guadeloupe,401525,"<div><a href=""/places/default/view/Guadeloupe-89""><img src=""/places/static/images/flags/gp.png"" /> Guadeloupe</a></div>"
Guam,401526,"<div><a href=""/places/default/view/Guam-90""><img src=""/places/static/images/flags/gu.png"" /> Guam</a></div>"
Guatemala,401527,"<div><a href=""/places/default/view/Guatemala-91""><img src=""/places/static/images/flags/gt.png"" /> Guatemala</a></div>"
Guernsey,401528,"<div><a href=""/places/default/view/Guernsey-92""><img src=""/places/static/images/flags/gg.png"" /> Guernsey</a></div>"
Guinea,401529,"<div><a href=""/places/default/view/Guinea-93""><img src=""/places/static/images/flags/gn.png"" /> Guinea</a></div>"
Guinea-Bissau,401530,"<div><a href=""/places/default/view/Guinea-Bissau-94""><img src=""/places/static/images/flags/gw.png"" /> Guinea-Bissau</a></div>"
Guyana,401531,"<div><a href=""/places/default/view/Guyana-95""><img src=""/places/static/images/flags/gy.png"" /> Guyana</a></div>"
Haiti,401532,"<div><a href=""/places/default/view/Haiti-96""><img src=""/places/static/images/flags/ht.png"" /> Haiti</a></div>"
Heard Island and McDonald Islands,401533,"<div><a href=""/places/default/view/Heard-Island-and-McDonald-Islands-97""><img src=""/places/static/images/flags/hm.png"" /> Heard Island and McDonald Islands</a></div>"
Honduras,401534,"<div><a href=""/places/default/view/Honduras-98""><img src=""/places/static/images/flags/hn.png"" /> Honduras</a></div>"
Hong Kong,401535,"<div><a href=""/places/default/view/Hong-Kong-99""><img src=""/places/static/images/flags/hk.png"" /> Hong Kong</a></div>"
Hungary,401536,"<div><a href=""/places/default/view/Hungary-100""><img src=""/places/static/images/flags/hu.png"" /> Hungary</a></div>"
Iceland,401537,"<div><a href=""/places/default/view/Iceland-101""><img src=""/places/static/images/flags/is.png"" /> Iceland</a></div>"
India,401538,"<div><a href=""/places/default/view/India-102""><img src=""/places/static/images/flags/in.png"" /> India</a></div>"
Indonesia,401539,"<div><a href=""/places/default/view/Indonesia-103""><img src=""/places/static/images/flags/id.png"" /> Indonesia</a></div>"
Iran,401540,"<div><a href=""/places/default/view/Iran-104""><img src=""/places/static/images/flags/ir.png"" /> Iran</a></div>"
Iraq,401541,"<div><a href=""/places/default/view/Iraq-105""><img src=""/places/static/images/flags/iq.png"" /> Iraq</a></div>"
Ireland,401542,"<div><a href=""/places/default/view/Ireland-106""><img src=""/places/static/images/flags/ie.png"" /> Ireland</a></div>"
Isle of Man,401543,"<div><a href=""/places/default/view/Isle-of-Man-107""><img src=""/places/static/images/flags/im.png"" /> Isle of Man</a></div>"
Israel,401544,"<div><a href=""/places/default/view/Israel-108""><img src=""/places/static/images/flags/il.png"" /> Israel</a></div>"
Italy,401545,"<div><a href=""/places/default/view/Italy-109""><img src=""/places/static/images/flags/it.png"" /> Italy</a></div>"
Ivory Coast,401546,"<div><a href=""/places/default/view/Ivory-Coast-110""><img src=""/places/static/images/flags/ci.png"" /> Ivory Coast</a></div>"
Jamaica,401547,"<div><a href=""/places/default/view/Jamaica-111""><img src=""/places/static/images/flags/jm.png"" /> Jamaica</a></div>"
Japan,401548,"<div><a href=""/places/default/view/Japan-112""><img src=""/places/static/images/flags/jp.png"" /> Japan</a></div>"
Jersey,401549,"<div><a href=""/places/default/view/Jersey-113""><img src=""/places/static/images/flags/je.png"" /> Jersey</a></div>"
Jordan,401550,"<div><a href=""/places/default/view/Jordan-114""><img src=""/places/static/images/flags/jo.png"" /> Jordan</a></div>"
Kazakhstan,401551,"<div><a href=""/places/default/view/Kazakhstan-115""><img src=""/places/static/images/flags/kz.png"" /> Kazakhstan</a></div>"
Kenya,401552,"<div><a href=""/places/default/view/Kenya-116""><img src=""/places/static/images/flags/ke.png"" /> Kenya</a></div>"
Kiribati,401553,"<div><a href=""/places/default/view/Kiribati-117""><img src=""/places/static/images/flags/ki.png"" /> Kiribati</a></div>"
Kosovo,401554,"<div><a href=""/places/default/view/Kosovo-118""><img src=""/places/static/images/flags/xk.png"" /> Kosovo</a></div>"
Kuwait,401555,"<div><a href=""/places/default/view/Kuwait-119""><img src=""/places/static/images/flags/kw.png"" /> Kuwait</a></div>"
Kyrgyzstan,401556,"<div><a href=""/places/default/view/Kyrgyzstan-120""><img src=""/places/static/images/flags/kg.png"" /> Kyrgyzstan</a></div>"
Laos,401557,"<div><a href=""/places/default/view/Laos-121""><img src=""/places/static/images/flags/la.png"" /> Laos</a></div>"
Latvia,401558,"<div><a href=""/places/default/view/Latvia-122""><img src=""/places/static/images/flags/lv.png"" /> Latvia</a></div>"
Lebanon,401559,"<div><a href=""/places/default/view/Lebanon-123""><img src=""/places/static/images/flags/lb.png"" /> Lebanon</a></div>"
Lesotho,401560,"<div><a href=""/places/default/view/Lesotho-124""><img src=""/places/static/images/flags/ls.png"" /> Lesotho</a></div>"
Liberia,401561,"<div><a href=""/places/default/view/Liberia-125""><img src=""/places/static/images/flags/lr.png"" /> Liberia</a></div>"
Libya,401562,"<div><a href=""/places/default/view/Libya-126""><img src=""/places/static/images/flags/ly.png"" /> Libya</a></div>"
Liechtenstein,401563,"<div><a href=""/places/default/view/Liechtenstein-127""><img src=""/places/static/images/flags/li.png"" /> Liechtenstein</a></div>"
Lithuania,401564,"<div><a href=""/places/default/view/Lithuania-128""><img src=""/places/static/images/flags/lt.png"" /> Lithuania</a></div>"
Luxembourg,401565,"<div><a href=""/places/default/view/Luxembourg-129""><img src=""/places/static/images/flags/lu.png"" /> Luxembourg</a></div>"
Macao,401566,"<div><a href=""/places/default/view/Macao-130""><img src=""/places/static/images/flags/mo.png"" /> Macao</a></div>"
Macedonia,401567,"<div><a href=""/places/default/view/Macedonia-131""><img src=""/places/static/images/flags/mk.png"" /> Macedonia</a></div>"
Madagascar,401568,"<div><a href=""/places/default/view/Madagascar-132""><img src=""/places/static/images/flags/mg.png"" /> Madagascar</a></div>"
Malawi,401569,"<div><a href=""/places/default/view/Malawi-133""><img src=""/places/static/images/flags/mw.png"" /> Malawi</a></div>"
Malaysia,401570,"<div><a href=""/places/default/view/Malaysia-134""><img src=""/places/static/images/flags/my.png"" /> Malaysia</a></div>"
Maldives,401571,"<div><a href=""/places/default/view/Maldives-135""><img src=""/places/static/images/flags/mv.png"" /> Maldives</a></div>"
Mali,401572,"<div><a href=""/places/default/view/Mali-136""><img src=""/places/static/images/flags/ml.png"" /> Mali</a></div>"
Malta,401573,"<div><a href=""/places/default/view/Malta-137""><img src=""/places/static/images/flags/mt.png"" /> Malta</a></div>"
Marshall Islands,401574,"<div><a href=""/places/default/view/Marshall-Islands-138""><img src=""/places/static/images/flags/mh.png"" /> Marshall Islands</a></div>"
Martinique,401575,"<div><a href=""/places/default/view/Martinique-139""><img src=""/places/static/images/flags/mq.png"" /> Martinique</a></div>"
Mauritania,401576,"<div><a href=""/places/default/view/Mauritania-140""><img src=""/places/static/images/flags/mr.png"" /> Mauritania</a></div>"
Mauritius,401577,"<div><a href=""/places/default/view/Mauritius-141""><img src=""/places/static/images/flags/mu.png"" /> Mauritius</a></div>"
Mayotte,401578,"<div><a href=""/places/default/view/Mayotte-142""><img src=""/places/static/images/flags/yt.png"" /> Mayotte</a></div>"
Mexico,401579,"<div><a href=""/places/default/view/Mexico-143""><img src=""/places/static/images/flags/mx.png"" /> Mexico</a></div>"
Micronesia,401580,"<div><a href=""/places/default/view/Micronesia-144""><img src=""/places/static/images/flags/fm.png"" /> Micronesia</a></div>"
Moldova,401581,"<div><a href=""/places/default/view/Moldova-145""><img src=""/places/static/images/flags/md.png"" /> Moldova</a></div>"
Monaco,401582,"<div><a href=""/places/default/view/Monaco-146""><img src=""/places/static/images/flags/mc.png"" /> Monaco</a></div>"
Mongolia,401583,"<div><a href=""/places/default/view/Mongolia-147""><img src=""/places/static/images/flags/mn.png"" /> Mongolia</a></div>"
Montenegro,401584,"<div><a href=""/places/default/view/Montenegro-148""><img src=""/places/static/images/flags/me.png"" /> Montenegro</a></div>"
Montserrat,401585,"<div><a href=""/places/default/view/Montserrat-149""><img src=""/places/static/images/flags/ms.png"" /> Montserrat</a></div>"
Morocco,401586,"<div><a href=""/places/default/view/Morocco-150""><img src=""/places/static/images/flags/ma.png"" /> Morocco</a></div>"
Mozambique,401587,"<div><a href=""/places/default/view/Mozambique-151""><img src=""/places/static/images/flags/mz.png"" /> Mozambique</a></div>"
Myanmar,401588,"<div><a href=""/places/default/view/Myanmar-152""><img src=""/places/static/images/flags/mm.png"" /> Myanmar</a></div>"
Namibia,401589,"<div><a href=""/places/default/view/Namibia-153""><img src=""/places/static/images/flags/na.png"" /> Namibia</a></div>"
Nauru,401590,"<div><a href=""/places/default/view/Nauru-154""><img src=""/places/static/images/flags/nr.png"" /> Nauru</a></div>"
Nepal,401591,"<div><a href=""/places/default/view/Nepal-155""><img src=""/places/static/images/flags/np.png"" /> Nepal</a></div>"
Netherlands,401592,"<div><a href=""/places/default/view/Netherlands-156""><img src=""/places/static/images/flags/nl.png"" /> Netherlands</a></div>"
Netherlands Antilles,401593,"<div><a href=""/places/default/view/Netherlands-Antilles-157""><img src=""/places/static/images/flags/an.png"" /> Netherlands Antilles</a></div>"
New Caledonia,401594,"<div><a href=""/places/default/view/New-Caledonia-158""><img src=""/places/static/images/flags/nc.png"" /> New Caledonia</a></div>"
New Zealand,401595,"<div><a href=""/places/default/view/New-Zealand-159""><img src=""/places/static/images/flags/nz.png"" /> New Zealand</a></div>"
Nicaragua,401596,"<div><a href=""/places/default/view/Nicaragua-160""><img src=""/places/static/images/flags/ni.png"" /> Nicaragua</a></div>"
Niger,401597,"<div><a href=""/places/default/view/Niger-161""><img src=""/places/static/images/flags/ne.png"" /> Niger</a></div>"
Nigeria,401598,"<div><a href=""/places/default/view/Nigeria-162""><img src=""/places/static/images/flags/ng.png"" /> Nigeria</a></div>"
Niue,401599,"<div><a href=""/places/default/view/Niue-163""><img src=""/places/static/images/flags/nu.png"" /> Niue</a></div>"
Norfolk Island,401600,"<div><a href=""/places/default/view/Norfolk-Island-164""><img src=""/places/static/images/flags/nf.png"" /> Norfolk Island</a></div>"
North Korea,401601,"<div><a href=""/places/default/view/North-Korea-165""><img src=""/places/static/images/flags/kp.png"" /> North Korea</a></div>"
Northern Mariana Islands,401602,"<div><a href=""/places/default/view/Northern-Mariana-Islands-166""><img src=""/places/static/images/flags/mp.png"" /> Northern Mariana Islands</a></div>"
Norway,401603,"<div><a href=""/places/default/view/Norway-167""><img src=""/places/static/images/flags/no.png"" /> Norway</a></div>"
Oman,401604,"<div><a href=""/places/default/view/Oman-168""><img src=""/places/static/images/flags/om.png"" /> Oman</a></div>"
Pakistan,401605,"<div><a href=""/places/default/view/Pakistan-169""><img src=""/places/static/images/flags/pk.png"" /> Pakistan</a></div>"
Palau,401606,"<div><a href=""/places/default/view/Palau-170""><img src=""/places/static/images/flags/pw.png"" /> Palau</a></div>"
Palestinian Territory,401607,"<div><a href=""/places/default/view/Palestinian-Territory-171""><img src=""/places/static/images/flags/ps.png"" /> Palestinian Territory</a></div>"
Panama,401608,"<div><a href=""/places/default/view/Panama-172""><img src=""/places/static/images/flags/pa.png"" /> Panama</a></div>"
Papua New Guinea,401609,"<div><a href=""/places/default/view/Papua-New-Guinea-173""><img src=""/places/static/images/flags/pg.png"" /> Papua New Guinea</a></div>"
Paraguay,401610,"<div><a href=""/places/default/view/Paraguay-174""><img src=""/places/static/images/flags/py.png"" /> Paraguay</a></div>"
Peru,401611,"<div><a href=""/places/default/view/Peru-175""><img src=""/places/static/images/flags/pe.png"" /> Peru</a></div>"
Philippines,401612,"<div><a href=""/places/default/view/Philippines-176""><img src=""/places/static/images/flags/ph.png"" /> Philippines</a></div>"
Pitcairn,401613,"<div><a href=""/places/default/view/Pitcairn-177""><img src=""/places/static/images/flags/pn.png"" /> Pitcairn</a></div>"
Poland,401614,"<div><a href=""/places/default/view/Poland-178""><img src=""/places/static/images/flags/pl.png"" /> Poland</a></div>"
Portugal,401615,"<div><a href=""/places/default/view/Portugal-179""><img src=""/places/static/images/flags/pt.png"" /> Portugal</a></div>"
Puerto Rico,401616,"<div><a href=""/places/default/view/Puerto-Rico-180""><img src=""/places/static/images/flags/pr.png"" /> Puerto Rico</a></div>"
Qatar,401617,"<div><a href=""/places/default/view/Qatar-181""><img src=""/places/static/images/flags/qa.png"" /> Qatar</a></div>"
Republic of the Congo,401618,"<div><a href=""/places/default/view/Republic-of-the-Congo-182""><img src=""/places/static/images/flags/cg.png"" /> Republic of the Congo</a></div>"
Reunion,401619,"<div><a href=""/places/default/view/Reunion-183""><img src=""/places/static/images/flags/re.png"" /> Reunion</a></div>"
Romania,401620,"<div><a href=""/places/default/view/Romania-184""><img src=""/places/static/images/flags/ro.png"" /> Romania</a></div>"
Russia,401621,"<div><a href=""/places/default/view/Russia-185""><img src=""/places/static/images/flags/ru.png"" /> Russia</a></div>"
Rwanda,401622,"<div><a href=""/places/default/view/Rwanda-186""><img src=""/places/static/images/flags/rw.png"" /> Rwanda</a></div>"
Saint Barthelemy,401623,"<div><a href=""/places/default/view/Saint-Barthelemy-187""><img src=""/places/static/images/flags/bl.png"" /> Saint Barthelemy</a></div>"
Saint Helena,401624,"<div><a href=""/places/default/view/Saint-Helena-188""><img src=""/places/static/images/flags/sh.png"" /> Saint Helena</a></div>"
Saint Kitts and Nevis,401625,"<div><a href=""/places/default/view/Saint-Kitts-and-Nevis-189""><img src=""/places/static/images/flags/kn.png"" /> Saint Kitts and Nevis</a></div>"
Saint Lucia,401626,"<div><a href=""/places/default/view/Saint-Lucia-190""><img src=""/places/static/images/flags/lc.png"" /> Saint Lucia</a></div>"
Saint Martin,401627,"<div><a href=""/places/default/view/Saint-Martin-191""><img src=""/places/static/images/flags/mf.png"" /> Saint Martin</a></div>"
Saint Pierre and Miquelon,401628,"<div><a href=""/places/default/view/Saint-Pierre-and-Miquelon-192""><img src=""/places/static/images/flags/pm.png"" /> Saint Pierre and Miquelon</a></div>"
Saint Vincent and the Grenadines,401629,"<div><a href=""/places/default/view/Saint-Vincent-and-the-Grenadines-193""><img src=""/places/static/images/flags/vc.png"" /> Saint Vincent and the Grenadines</a></div>"
Samoa,401630,"<div><a href=""/places/default/view/Samoa-194""><img src=""/places/static/images/flags/ws.png"" /> Samoa</a></div>"
San Marino,401631,"<div><a href=""/places/default/view/San-Marino-195""><img src=""/places/static/images/flags/sm.png"" /> San Marino</a></div>"
Sao Tome and Principe,401632,"<div><a href=""/places/default/view/Sao-Tome-and-Principe-196""><img src=""/places/static/images/flags/st.png"" /> Sao Tome and Principe</a></div>"
Saudi Arabia,401633,"<div><a href=""/places/default/view/Saudi-Arabia-197""><img src=""/places/static/images/flags/sa.png"" /> Saudi Arabia</a></div>"
Senegal,401634,"<div><a href=""/places/default/view/Senegal-198""><img src=""/places/static/images/flags/sn.png"" /> Senegal</a></div>"
Serbia,401635,"<div><a href=""/places/default/view/Serbia-199""><img src=""/places/static/images/flags/rs.png"" /> Serbia</a></div>"
Serbia and Montenegro,401636,"<div><a href=""/places/default/view/Serbia-and-Montenegro-200""><img src=""/places/static/images/flags/cs.png"" /> Serbia and Montenegro</a></div>"
Seychelles,401637,"<div><a href=""/places/default/view/Seychelles-201""><img src=""/places/static/images/flags/sc.png"" /> Seychelles</a></div>"
Sierra Leone,401638,"<div><a href=""/places/default/view/Sierra-Leone-202""><img src=""/places/static/images/flags/sl.png"" /> Sierra Leone</a></div>"
Singapore,401639,"<div><a href=""/places/default/view/Singapore-203""><img src=""/places/static/images/flags/sg.png"" /> Singapore</a></div>"
Sint Maarten,401640,"<div><a href=""/places/default/view/Sint-Maarten-204""><img src=""/places/static/images/flags/sx.png"" /> Sint Maarten</a></div>"
Slovakia,401641,"<div><a href=""/places/default/view/Slovakia-205""><img src=""/places/static/images/flags/sk.png"" /> Slovakia</a></div>"
Slovenia,401642,"<div><a href=""/places/default/view/Slovenia-206""><img src=""/places/static/images/flags/si.png"" /> Slovenia</a></div>"
Solomon Islands,401643,"<div><a href=""/places/default/view/Solomon-Islands-207""><img src=""/places/static/images/flags/sb.png"" /> Solomon Islands</a></div>"
Somalia,401644,"<div><a href=""/places/default/view/Somalia-208""><img src=""/places/static/images/flags/so.png"" /> Somalia</a></div>"
South Africa,401645,"<div><a href=""/places/default/view/South-Africa-209""><img src=""/places/static/images/flags/za.png"" /> South Africa</a></div>"
South Georgia and the South Sandwich Islands,401646,"<div><a href=""/places/default/view/South-Georgia-and-the-South-Sandwich-Islands-210""><img src=""/places/static/images/flags/gs.png"" /> South Georgia and the South Sandwich Islands</a></div>"
South Korea,401647,"<div><a href=""/places/default/view/South-Korea-211""><img src=""/places/static/images/flags/kr.png"" /> South Korea</a></div>"
South Sudan,401648,"<div><a href=""/places/default/view/South-Sudan-212""><img src=""/places/static/images/flags/ss.png"" /> South Sudan</a></div>"
Spain,401649,"<div><a href=""/places/default/view/Spain-213""><img src=""/places/static/images/flags/es.png"" /> Spain</a></div>"
Sri Lanka,401650,"<div><a href=""/places/default/view/Sri-Lanka-214""><img src=""/places/static/images/flags/lk.png"" /> Sri Lanka</a></div>"
Sudan,401651,"<div><a href=""/places/default/view/Sudan-215""><img src=""/places/static/images/flags/sd.png"" /> Sudan</a></div>"
Suriname,401652,"<div><a href=""/places/default/view/Suriname-216""><img src=""/places/static/images/flags/sr.png"" /> Suriname</a></div>"
Svalbard and Jan Mayen,401653,"<div><a href=""/places/default/view/Svalbard-and-Jan-Mayen-217""><img src=""/places/static/images/flags/sj.png"" /> Svalbard and Jan Mayen</a></div>"
Swaziland,401654,"<div><a href=""/places/default/view/Swaziland-218""><img src=""/places/static/images/flags/sz.png"" /> Swaziland</a></div>"
Sweden,401655,"<div><a href=""/places/default/view/Sweden-219""><img src=""/places/static/images/flags/se.png"" /> Sweden</a></div>"
Switzerland,401656,"<div><a href=""/places/default/view/Switzerland-220""><img src=""/places/static/images/flags/ch.png"" /> Switzerland</a></div>"
Syria,401657,"<div><a href=""/places/default/view/Syria-221""><img src=""/places/static/images/flags/sy.png"" /> Syria</a></div>"
Taiwan,401658,"<div><a href=""/places/default/view/Taiwan-222""><img src=""/places/static/images/flags/tw.png"" /> Taiwan</a></div>"
Tajikistan,401659,"<div><a href=""/places/default/view/Tajikistan-223""><img src=""/places/static/images/flags/tj.png"" /> Tajikistan</a></div>"
Tanzania,401660,"<div><a href=""/places/default/view/Tanzania-224""><img src=""/places/static/images/flags/tz.png"" /> Tanzania</a></div>"
Thailand,401661,"<div><a href=""/places/default/view/Thailand-225""><img src=""/places/static/images/flags/th.png"" /> Thailand</a></div>"
Togo,401662,"<div><a href=""/places/default/view/Togo-226""><img src=""/places/static/images/flags/tg.png"" /> Togo</a></div>"
Tokelau,401663,"<div><a href=""/places/default/view/Tokelau-227""><img src=""/places/static/images/flags/tk.png"" /> Tokelau</a></div>"
Tonga,401664,"<div><a href=""/places/default/view/Tonga-228""><img src=""/places/static/images/flags/to.png"" /> Tonga</a></div>"
Trinidad and Tobago,401665,"<div><a href=""/places/default/view/Trinidad-and-Tobago-229""><img src=""/places/static/images/flags/tt.png"" /> Trinidad and Tobago</a></div>"
Tunisia,401666,"<div><a href=""/places/default/view/Tunisia-230""><img src=""/places/static/images/flags/tn.png"" /> Tunisia</a></div>"
Turkey,401667,"<div><a href=""/places/default/view/Turkey-231""><img src=""/places/static/images/flags/tr.png"" /> Turkey</a></div>"
Turkmenistan,401668,"<div><a href=""/places/default/view/Turkmenistan-232""><img src=""/places/static/images/flags/tm.png"" /> Turkmenistan</a></div>"
Turks and Caicos Islands,401669,"<div><a href=""/places/default/view/Turks-and-Caicos-Islands-233""><img src=""/places/static/images/flags/tc.png"" /> Turks and Caicos Islands</a></div>"
Tuvalu,401670,"<div><a href=""/places/default/view/Tuvalu-234""><img src=""/places/static/images/flags/tv.png"" /> Tuvalu</a></div>"
U.S. Virgin Islands,401671,"<div><a href=""/places/default/view/US-Virgin-Islands-235""><img src=""/places/static/images/flags/vi.png"" /> U.S. Virgin Islands</a></div>"
Uganda,401672,"<div><a href=""/places/default/view/Uganda-236""><img src=""/places/static/images/flags/ug.png"" /> Uganda</a></div>"
Ukraine,401673,"<div><a href=""/places/default/view/Ukraine-237""><img src=""/places/static/images/flags/ua.png"" /> Ukraine</a></div>"
United Arab Emirates,401674,"<div><a href=""/places/default/view/United-Arab-Emirates-238""><img src=""/places/static/images/flags/ae.png"" /> United Arab Emirates</a></div>"
United Kingdom,401675,"<div><a href=""/places/default/view/United-Kingdom-239""><img src=""/places/static/images/flags/gb.png"" /> United Kingdom</a></div>"
United States,401676,"<div><a href=""/places/default/view/United-States-240""><img src=""/places/static/images/flags/us.png"" /> United States</a></div>"
United States Minor Outlying Islands,401677,"<div><a href=""/places/default/view/United-States-Minor-Outlying-Islands-241""><img src=""/places/static/images/flags/um.png"" /> United States Minor Outlying Islands</a></div>"
Uruguay,401678,"<div><a href=""/places/default/view/Uruguay-242""><img src=""/places/static/images/flags/uy.png"" /> Uruguay</a></div>"
Uzbekistan,401679,"<div><a href=""/places/default/view/Uzbekistan-243""><img src=""/places/static/images/flags/uz.png"" /> Uzbekistan</a></div>"
Vanuatu,401680,"<div><a href=""/places/default/view/Vanuatu-244""><img src=""/places/static/images/flags/vu.png"" /> Vanuatu</a></div>"
Vatican,401681,"<div><a href=""/places/default/view/Vatican-245""><img src=""/places/static/images/flags/va.png"" /> Vatican</a></div>"
Venezuela,401682,"<div><a href=""/places/default/view/Venezuela-246""><img src=""/places/static/images/flags/ve.png"" /> Venezuela</a></div>"
Vietnam,401683,"<div><a href=""/places/default/view/Vietnam-247""><img src=""/places/static/images/flags/vn.png"" /> Vietnam</a></div>"
Wallis and Futuna,401684,"<div><a href=""/places/default/view/Wallis-and-Futuna-248""><img src=""/places/static/images/flags/wf.png"" /> Wallis and Futuna</a></div>"
Western Sahara,401685,"<div><a href=""/places/default/view/Western-Sahara-249""><img src=""/places/static/images/flags/eh.png"" /> Western Sahara</a></div>"
Yemen,401686,"<div><a href=""/places/default/view/Yemen-250""><img src=""/places/static/images/flags/ye.png"" /> Yemen</a></div>"
Zambia,401687,"<div><a href=""/places/default/view/Zambia-251""><img src=""/places/static/images/flags/zm.png"" /> Zambia</a></div>"
Zimbabwe,401688,"<div><a href=""/places/default/view/Zimbabwe-252""><img src=""/places/static/images/flags/zw.png"" /> Zimbabwe</a></div>"
